,MODEL,RMSE_Values
0,rmse_linear,53.19923653480271
1,rmse_Exp,46.057361103156246
2,rmse_Quad,48.051888979331615
3,rmse_add_sea,132.81978481421822
4,rmse_add_sea_quad,26.36081761208439
5,rmse_Mult_sea,140.0632020470863
6,rmse_Mult_add_sea,10.519172544324258
