,MODEL,RMSE_Values
0,rmse_linear,260.93781425111223
1,rmse_Exp,268.69383850025764
2,rmse_Quad,297.40670972721125
3,rmse_add_sea,235.60267356646503
4,rmse_add_sea_quad,218.1938758489698
5,rmse_Mult_sea,239.65432143120918
6,rmse_Mult_add_sea,160.68332947193454
